{"stats":{"minecraft:killed_by":{"minecraft:zombie":1,"minecraft:player":3},"minecraft:custom":{"minecraft:jump":27,"minecraft:time_since_rest":3367,"minecraft:damage_taken":1217,"minecraft:damage_dealt":10,"minecraft:crouch_one_cm":484,"minecraft:leave_game":16,"minecraft:sprint_one_cm":8274,"minecraft:play_time":10768,"minecraft:walk_one_cm":9914,"minecraft:time_since_death":2930,"minecraft:deaths":4,"minecraft:sneak_time":328,"minecraft:total_world_time":10768,"minecraft:fall_one_cm":942,"minecraft:fly_one_cm":3681},"minecraft:used":{"minecraft:written_book":1},"minecraft:picked_up":{"minecraft:rotten_flesh":2,"minecraft:green_carpet":1}},"DataVersion":3953}