{"stats":{"minecraft:killed_by":{"minecraft:player":3},"minecraft:custom":{"minecraft:jump":11,"minecraft:time_since_rest":1824,"minecraft:crouch_one_cm":484,"minecraft:damage_dealt":10,"minecraft:damage_taken":817,"minecraft:play_time":6428,"minecraft:leave_game":8,"minecraft:sprint_one_cm":3401,"minecraft:walk_one_cm":3451,"minecraft:time_since_death":441,"minecraft:deaths":3,"minecraft:sneak_time":328,"minecraft:total_world_time":6428,"minecraft:fall_one_cm":942,"minecraft:fly_one_cm":972},"minecraft:picked_up":{"minecraft:green_carpet":1}},"DataVersion":3953}