{"stats":{"minecraft:killed_by":{"minecraft:zombie":1,"minecraft:player":3},"minecraft:custom":{"minecraft:jump":17,"minecraft:time_since_rest":1656,"minecraft:damage_taken":1217,"minecraft:damage_dealt":10,"minecraft:crouch_one_cm":484,"minecraft:leave_game":14,"minecraft:sprint_one_cm":5233,"minecraft:play_time":9057,"minecraft:walk_one_cm":7254,"minecraft:time_since_death":1219,"minecraft:deaths":4,"minecraft:sneak_time":328,"minecraft:total_world_time":9057,"minecraft:fall_one_cm":942,"minecraft:fly_one_cm":2472},"minecraft:picked_up":{"minecraft:rotten_flesh":1,"minecraft:green_carpet":1}},"DataVersion":3953}