{"stats":{"minecraft:mined":{"minecraft:hay_block":17,"minecraft:white_bed":1,"minecraft:crafting_table":1,"minecraft:short_grass":11,"minecraft:acacia_log":3,"minecraft:grass_block":1,"minecraft:dirt":1,"minecraft:tall_grass":2},"minecraft:killed":{"minecraft:sheep":3},"minecraft:used":{"minecraft:dirt":2,"minecraft:bow":1,"minecraft:written_book":1,"minecraft:hay_block":4,"minecraft:crafting_table":1,"minecraft:white_bed":1},"minecraft:picked_up":{"minecraft:crafting_table":1,"minecraft:acacia_log":3,"minecraft:white_bed":1,"minecraft:dirt":2,"minecraft:wheat_seeds":2,"minecraft:hay_block":17,"minecraft:mutton":4,"minecraft:white_wool":3},"minecraft:custom":{"minecraft:time_since_rest":566,"minecraft:interact_with_furnace":1,"minecraft:sprint_one_cm":57300,"minecraft:damage_taken":490,"minecraft:walk_one_cm":41731,"minecraft:mob_kills":3,"minecraft:drop":1,"minecraft:damage_dealt":250,"minecraft:swim_one_cm":6011,"minecraft:interact_with_crafting_table":1,"minecraft:talked_to_villager":1,"minecraft:fly_one_cm":129653,"minecraft:open_barrel":7,"minecraft:open_chest":9,"minecraft:crouch_one_cm":363,"minecraft:play_time":22612,"minecraft:deaths":3,"minecraft:sneak_time":232,"minecraft:walk_under_water_one_cm":1183,"minecraft:jump":631,"minecraft:leave_game":2,"minecraft:walk_on_water_one_cm":1533,"minecraft:time_since_death":538,"minecraft:sleep_in_bed":1,"minecraft:total_world_time":22612,"minecraft:climb_one_cm":1025,"minecraft:fall_one_cm":23121},"minecraft:dropped":{"minecraft:recovery_compass":1},"minecraft:crafted":{"minecraft:crafting_table":1,"minecraft:white_bed":1,"minecraft:acacia_planks":12}},"DataVersion":3953}