{"stats":{"minecraft:mined":{"minecraft:short_grass":2,"minecraft:acacia_log":1,"minecraft:dirt":1,"minecraft:grass_block":1},"minecraft:used":{"minecraft:dirt":2},"minecraft:picked_up":{"minecraft:acacia_log":1,"minecraft:dirt":2},"minecraft:custom":{"minecraft:jump":193,"minecraft:deaths":1,"minecraft:time_since_rest":2503,"minecraft:damage_taken":380,"minecraft:damage_dealt":10,"minecraft:crouch_one_cm":363,"minecraft:play_time":7735,"minecraft:leave_game":1,"minecraft:sprint_one_cm":20626,"minecraft:walk_on_water_one_cm":574,"minecraft:time_since_death":2469,"minecraft:walk_one_cm":9980,"minecraft:sneak_time":187,"minecraft:total_world_time":7735,"minecraft:fall_one_cm":10189,"minecraft:fly_one_cm":44531},"minecraft:crafted":{"minecraft:acacia_planks":4}},"DataVersion":3953}