{"stats":{"minecraft:crafted":{"minecraft:crafting_table":1,"minecraft:stick":4,"minecraft:wooden_axe":1,"minecraft:acacia_planks":20,"minecraft:bread":63,"minecraft:wheat":198},"minecraft:custom":{"minecraft:time_since_rest":17850,"minecraft:sprint_one_cm":33848,"minecraft:damage_taken":175,"minecraft:walk_one_cm":34384,"minecraft:mob_kills":2,"minecraft:damage_dealt":850,"minecraft:swim_one_cm":5178,"minecraft:interact_with_crafting_table":2,"minecraft:fly_one_cm":64866,"minecraft:player_kills":3,"minecraft:open_chest":1,"minecraft:crouch_one_cm":498,"minecraft:play_time":20666,"minecraft:deaths":1,"minecraft:sneak_time":224,"minecraft:walk_under_water_one_cm":2173,"minecraft:jump":389,"minecraft:leave_game":1,"minecraft:time_since_death":17818,"minecraft:walk_on_water_one_cm":1926,"minecraft:total_world_time":20666,"minecraft:fall_one_cm":12788,"minecraft:horse_one_cm":206},"minecraft:killed":{"minecraft:chicken":1,"minecraft:cow":1},"minecraft:used":{"minecraft:wooden_axe":10,"minecraft:bread":3,"minecraft:green_carpet":1,"minecraft:sand":5,"minecraft:crafting_table":1},"minecraft:mined":{"minecraft:hay_block":22,"minecraft:acacia_leaves":1,"minecraft:crafting_table":1,"minecraft:short_grass":2,"minecraft:acacia_log":6,"minecraft:sand":6,"minecraft:green_carpet":2},"minecraft:picked_up":{"minecraft:stick":1,"minecraft:crafting_table":1,"minecraft:chicken":1,"minecraft:feather":2,"minecraft:acacia_log":5,"minecraft:sand":6,"minecraft:green_carpet":1,"minecraft:hay_block":22,"minecraft:beef":1}},"DataVersion":3953}