{"stats":{"minecraft:killed":{"minecraft:cow":1},"minecraft:custom":{"minecraft:open_chest":1,"minecraft:time_since_rest":5900,"minecraft:crouch_one_cm":312,"minecraft:play_time":8716,"minecraft:sprint_one_cm":32107,"minecraft:walk_one_cm":20171,"minecraft:damage_taken":140,"minecraft:deaths":1,"minecraft:sneak_time":129,"minecraft:walk_under_water_one_cm":2173,"minecraft:mob_kills":1,"minecraft:jump":257,"minecraft:damage_dealt":110,"minecraft:leave_game":1,"minecraft:time_since_death":5868,"minecraft:walk_on_water_one_cm":1926,"minecraft:total_world_time":8716,"minecraft:interact_with_crafting_table":1,"minecraft:swim_one_cm":5178,"minecraft:fall_one_cm":8887,"minecraft:fly_one_cm":59299,"minecraft:horse_one_cm":206},"minecraft:mined":{"minecraft:hay_block":22,"minecraft:short_grass":2,"minecraft:sand":6,"minecraft:green_carpet":1},"minecraft:picked_up":{"minecraft:hay_block":22,"minecraft:beef":1,"minecraft:sand":6,"minecraft:green_carpet":1},"minecraft:crafted":{"minecraft:bread":63,"minecraft:wheat":198},"minecraft:used":{"minecraft:sand":5,"minecraft:bread":3}},"DataVersion":3953}